morph_number_nu,sample_nu
2,17.5
2,42.5
2,10.5
2,25.5
2,57.5
2,46.5
2,36
2,33
2,21.5
2,35
2,11
3,56.33333333
3,51
3,12.33333333
4,24.75
4,28.75
5,27.6
