morph_number_nu,sample_nu
2.00 ,96.5
2.00 ,11
2.00 ,21.5
2.00 ,22
2.00 ,102.5
2.00 ,13.5
2.00 ,18.5
2.00 ,22.5
3.00 ,17.66666667
3.00 ,34
3.00 ,68
3.00 ,15
4.00 ,20.25
4.00 ,15.75
4.00 ,28
4.00 ,30
5.00 ,11
6.00 ,5.833333333
6.00 ,14
6.00 ,16.5
7.00 ,15.71428571
7.00 ,2.571428571
7.00 ,16.14285714
8.00 ,3.375
9.00 ,20.44444444
10.00 ,14.7
10.00 ,5.5
11.00 ,13.63636364
11.00 ,19.63636364
15.00 ,8.333333333
