morph_number_nu,sample_nu
1,30
1,39
1,92
1,683
1,378
1,37
1,40
1,22
1,85
1,114
1,68
1,58
2,17.5
2,42.5
2,10.5
2,25.5
2,46.5
2,36
2,33
2,21.5
2,35
2,11
3,56.33333333
3,51
3,12.33333333
4,24.75
4,28.75
5,27.6
