morph_number_nu,sample_nu
1,257
1,108
1,248
1,149
1,46
1,54
1,17
1,33
1,98
1,134
1,138
1,178
1,381
1,189
1,230
1,60
2,45
2,42
2,228
2,17
2,16.5
3,18.66666667
3,76.33333333
6,46.66666667
6,12.16666667
6,17
7,31
8,11.5
9,12.55555556
9,15.44444444
11,13.81818182
13,79.53846154
14,28.14285714
